Gene	"Gene synonym"	Ensembl	"Gene description"	Uniprot	Chromosome	Position	"Protein class"	"Biological process"	"Molecular function"	"Disease involvement"
SUN2	UNC84B	ENSG00000100242	"Sad1 and UNC84 domain containing 2"	Q9UH99	22	38733290-38794143	"Plasma proteins, Predicted intracellular proteins, Predicted membrane proteins, Transporters"	Meiosis		
NUP98	"NUP196, NUP96, Nup98-96, Nup98-Nup96"	ENSG00000110713	"Nucleoporin 98 and 96 precursor"	P52948	11	3671083-3797792	"Cancer-related genes, Disease related genes, Essential proteins, Metabolic proteins, Plasma proteins, Potential drug targets, Predicted intracellular proteins, Predicted membrane proteins, Transporters"	"Host-virus interaction, mRNA transport, Protein transport, Translocation, Transport"	"Hydrolase, Protease, Serine protease"	"Cancer-related genes"
LMNA	"CMD1A, HGPS, LGMD1B, LMN1, LMNL1, MADA, PRO1"	ENSG00000160789	"Lamin A/C"	P02545	1	156082573-156140081	"Cancer-related genes, Disease related genes, Essential proteins, Human disease related genes, Plasma proteins, Predicted intracellular proteins"			"Cancer-related genes, Cardiomyopathy, Charcot-Marie-Tooth disease, Congenital muscular dystrophy, Disease variant, Emery-Dreifuss muscular dystrophy, Limb-girdle muscular dystrophy, Neurodegeneration, Neuropathy"
TMEM201	"Ima1, NET5, RP13-15M17.2, SAMP1"	ENSG00000188807	"Transmembrane protein 201"	Q5SNT2	1	9588911-9614877	"Predicted membrane proteins, Transporters"	Angiogenesis		
SUN1	"FLJ12407, KIAA0810, UNC84A"	ENSG00000164828	"Sad1 and UNC84 domain containing 1"	O94901	7	816615-896435	"Predicted intracellular proteins, Predicted membrane proteins, Transporters"	"Differentiation, Meiosis, Spermatogenesis"		
NUP133	FLJ10814	ENSG00000069248	"Nucleoporin 133"	Q8WUM0	1	229440259-229508341	"Disease related genes, Essential proteins, Human disease related genes, Metabolic proteins, Plasma proteins, Potential drug targets, Predicted intracellular proteins, Transporters"	"mRNA transport, Protein transport, Translocation, Transport"		"Disease variant, Epilepsy, Intellectual disability"
NUP153	HNUP153	ENSG00000124789	"Nucleoporin 153"	P49790	6	17615035-17706925	"Essential proteins, Metabolic proteins, Predicted intracellular proteins, Transporters"	"Host-virus interaction, mRNA transport, Protein transport, Translocation, Transport, Viral penetration into host nucleus, Virus entry into host cell"	DNA-binding	
NUP62	"DKFZp547L134, FLJ20822, FLJ43869, IBSN, MGC841, p62, SNDI"	ENSG00000213024	"Nucleoporin 62"	P37198	19	49906825-49929764	"Disease related genes, Essential proteins, Human disease related genes, Metabolic proteins, Potential drug targets, Predicted intracellular proteins, Transporters"	"Host-virus interaction, mRNA transport, Protein transport, Translocation, Transport"		"Disease variant"
TPR		ENSG00000047410	"Translocated promoter region, nuclear basket protein"	P12270	1	186311652-186375693	"Cancer-related genes, Disease related genes, Essential proteins, Human disease related genes, Metabolic proteins, Plasma proteins, Potential drug targets, Predicted intracellular proteins, Transporters"	"Cell cycle, Cell division, Mitosis, mRNA transport, Protein transport, Translocation, Transport"		"Cancer-related genes, Disease variant, Intellectual disability, Proto-oncogene"
LMNB1		ENSG00000113368	"Lamin B1"	P20700	5	126776623-126837020	"Disease related genes, Human disease related genes, Plasma proteins, Predicted intracellular proteins"			"Disease variant, Intellectual disability, Leukodystrophy, Primary microcephaly"
NUP93	KIAA0095	ENSG00000102900	"Nucleoporin 93"	Q8N1F7	16	56730118-56850286	"Cancer-related genes, Disease related genes, Essential proteins, Human disease related genes, Metabolic proteins, Plasma proteins, Potential drug targets, Predicted intracellular proteins, Predicted membrane proteins, Transporters"	"mRNA transport, Protein transport, Translocation, Transport"		"Cancer-related genes, Disease variant"
LMNB2	LMN2	ENSG00000176619	"Lamin B2"	Q03252	19	2427638-2456959	"Disease related genes, Human disease related genes, Plasma proteins, Predicted intracellular proteins"			"Disease variant, Epilepsy, Intellectual disability, Neurodegeneration, Primary microcephaly"
RANBP2	"ADANE, ANE1, NUP358"	ENSG00000153201	"RAN binding protein 2"	P49792	2	108719482-108785810	"Cancer-related genes, Disease related genes, Essential proteins, Human disease related genes, Metabolic proteins, Plasma proteins, Potential drug targets, Predicted intracellular proteins, Transporters"	"mRNA transport, Protein transport, Translocation, Transport, Ubl conjugation pathway"	"RNA-binding, Transferase"	"Cancer-related genes"
NUP155	"KIAA0791, N155"	ENSG00000113569	"Nucleoporin 155"	O75694	5	37288137-37371106	"Disease related genes, Essential proteins, Human disease related genes, Metabolic proteins, Plasma proteins, Potential drug targets, Predicted intracellular proteins, Transporters"	"mRNA transport, Protein transport, Translocation, Transport"		"Atrial fibrillation, Disease variant"
NUP214	"CAIN, CAN, D9S46E, N214"	ENSG00000126883	"Nucleoporin 214"	P35658	9	131125573-131234663	"Cancer-related genes, Disease related genes, Essential proteins, Human disease related genes, Metabolic proteins, Plasma proteins, Potential drug targets, Predicted intracellular proteins, Transporters"	"Host-virus interaction, mRNA transport, Protein transport, Translocation, Transport"		"Cancer-related genes, Disease variant, Proto-oncogene"
NDC1	"FLJ10407, NET3, TMEM48"	ENSG00000058804	"NDC1 transmembrane nucleoporin"	Q9BTX1	1	53765478-53838463	"Essential proteins, Metabolic proteins, Predicted membrane proteins, Transporters"	"mRNA transport, Protein transport, Translocation, Transport"		
SYNE2	"DKFZP434H2235, KIAA1011, Nesp2, Nesprin-2, NUA, NUANCE, SYNE-2"	ENSG00000054654	"Spectrin repeat containing nuclear envelope protein 2"	Q8WXH0	14	63761899-64226433	"Disease related genes, Human disease related genes, Plasma proteins, Predicted intracellular proteins, Predicted membrane proteins"		Actin-binding	"Disease variant, Emery-Dreifuss muscular dystrophy"
SYNE3	"C14orf139, C14orf49, FLJ25605, LINC00341, NCRNA00341, Nesp3, Nesprin-3, NET53"	ENSG00000176438	"Spectrin repeat containing nuclear envelope family member 3"	Q6ZMZ3	14	95407266-95516650	"Predicted intracellular proteins, Predicted membrane proteins"			
NEMP1	"KIAA0286, TMEM194, TMEM194A"	ENSG00000166881	"Nuclear envelope integral membrane protein 1"	O14524	12	57055643-57088063	"Predicted membrane proteins, Transporters"	"Erythrocyte maturation"		
NUP35	MP44	ENSG00000163002	"Nucleoporin 35"	Q8NFH5	2	183117513-183161680	"Essential proteins, Metabolic proteins, Predicted intracellular proteins, Transporters"	"mRNA transport, Protein transport, Translocation, Transport"		
NXF1	"DKFZp667O0311, Mex67, TAP"	ENSG00000162231	"Nuclear RNA export factor 1"	Q9UBU9	11	62792123-62806302	"Essential proteins, Predicted intracellular proteins, Transporters"	"Host-virus interaction, mRNA transport, Protein transport, Translocation, Transport"	RNA-binding	
KPNB1	"IMB1, Impnb, IPO1, IPOB, MGC2155, MGC2156, MGC2157, NTF97"	ENSG00000108424	"Karyopherin subunit beta 1"	Q14974	17	47649476-47685505	"Essential proteins, Plasma proteins, Predicted intracellular proteins, Transporters"	"Host-virus interaction, Protein transport, Transport"		
SYNE1	"8B, ARCA1, C6orf98, CPG2, dJ45H2.2, enaptin, KIAA0796, MYNE1, Nesp1, Nesprin-1, SCAR8, SYNE-1B"	ENSG00000131018	"Spectrin repeat containing nuclear envelope protein 1"	Q8NF91	6	152121687-152637801	"Cancer-related genes, Disease related genes, Human disease related genes, Plasma proteins, Predicted intracellular proteins, Predicted membrane proteins"	"Differentiation, Spermatogenesis"	Actin-binding	"Cancer-related genes, Disease variant, Emery-Dreifuss muscular dystrophy, Neurodegeneration"
CTDNEP1	"DULLARD, HSA011916, NET56"	ENSG00000175826	"CTD nuclear envelope phosphatase 1"	O95476	17	7243591-7252491	"Enzymes, Essential proteins, Predicted intracellular proteins, Predicted membrane proteins"	"Host-virus interaction"	"Hydrolase, Protein phosphatase"	
POM121C		ENSG00000272391	"POM121 transmembrane nucleoporin C"	A8CG34	7	75416786-75486299	"Essential proteins, Predicted intracellular proteins, Transporters"	"mRNA transport, Protein transport, Translocation, Transport"		
LEMD2	"dJ482C21.1, LEM2, NET25"	ENSG00000161904	"LEM domain nuclear envelope protein 2"	Q8NC56	6	33771202-33789130	"Disease related genes, Human disease related genes, Predicted intracellular proteins, Predicted membrane proteins"			"Cataract, Disease variant"
POM121	"DKFZP586G1822, DKFZP586P2220, KIAA0618, POM121A"	ENSG00000196313	"POM121 transmembrane nucleoporin"	Q96HA1	7	72879349-72951440	"Metabolic proteins, Predicted intracellular proteins, Transporters"	"mRNA transport, Protein transport, Translocation, Transport"		
NUP54		ENSG00000138750	"Nucleoporin 54"	Q7Z3B4	4	76107562-76148485	"Essential proteins, Metabolic proteins, Plasma proteins, Predicted intracellular proteins, Transporters"	"mRNA transport, Protein transport, Translocation, Transport"		Dystonia
RANGAP1	"Fug1, KIAA1835, SD"	ENSG00000100401	"Ran GTPase activating protein 1"	P46060	22	41244779-41286187	"Essential proteins, Plasma proteins, Predicted intracellular proteins, Transporters"		"GTPase activation"	
SUN3	"MGC33329, SUNC1"	ENSG00000164744	"Sad1 and UNC84 domain containing 3"	Q8TAQ9	7	47987148-48029119	"Predicted intracellular proteins, Predicted membrane proteins"			
NUP107	NUP84	ENSG00000111581	"Nucleoporin 107"	P57740	12	68686951-68745809	"Disease related genes, Essential proteins, Human disease related genes, Metabolic proteins, Potential drug targets, Predicted intracellular proteins, Transporters"	"mRNA transport, Protein transport, Translocation, Transport"		"Disease variant, Epilepsy, Intellectual disability"
SYNE4	"C19orf46, DFNB76, FLJ36445, Nesp4, Nesprin-4"	ENSG00000181392	"Spectrin repeat containing nuclear envelope family member 4"	Q8N205	19	36003307-36008813	"Disease related genes, Human disease related genes, Predicted intracellular proteins, Predicted membrane proteins"			"Deafness, Non-syndromic deafness"
NEMP2	TMEM194B	ENSG00000189362	"Nuclear envelope integral membrane protein 2"	A6NFY4	2	190504338-190534722	"Predicted intracellular proteins, Predicted membrane proteins"			
NXT1	"MTR2, P15"	ENSG00000132661	"Nuclear transport factor 2 like export factor 1"	Q9UKK6	20	23350791-23354771	"Predicted intracellular proteins"	"Protein transport, Transport"		
TOR1AIP1	"FLJ13142, LAP1, LAP1B, LAP1C"	ENSG00000143337	"Torsin 1A interacting protein 1"	Q5JTV8	1	179882042-179920077	"Disease related genes, Human disease related genes, Plasma proteins, Predicted intracellular proteins, Predicted membrane proteins"			"Limb-girdle muscular dystrophy"
NUP205	"C7orf14, KIAA0225"	ENSG00000155561	"Nucleoporin 205"	Q92621	7	135557917-135648757	"Disease related genes, Essential proteins, Human disease related genes, Metabolic proteins, Plasma proteins, Potential drug targets, Predicted intracellular proteins, Predicted membrane proteins, Transporters"	"mRNA transport, Protein transport, Translocation, Transport"		"Disease variant"
NUP85	"FLJ12549, NUP75"	ENSG00000125450	"Nucleoporin 85"	Q9BW27	17	75205659-75235758	"Disease related genes, Essential proteins, Human disease related genes, Metabolic proteins, Potential drug targets, Predicted intracellular proteins, Transporters"	"mRNA transport, Protein transport, Translocation, Transport"		"Disease variant"
AHCTF1	ELYS	ENSG00000153207	"AT-hook containing transcription factor 1"	Q8WYP5	1	246839098-246931948	"Essential proteins, Metabolic proteins, Predicted intracellular proteins, Transporters"	"Cell cycle, Cell division, mRNA transport, Protein transport, Translocation, Transport"	DNA-binding	
BANF1	BAF	ENSG00000175334	"BAF nuclear assembly factor 1"	O75531	11	66002228-66004149	"Disease related genes, Essential proteins, Human disease related genes, Plasma proteins, Predicted intracellular proteins"	"Host-virus interaction"	DNA-binding	"Disease variant, Osteoporosis"
KPNA2	"IPOA1, PTAC58, QIP2, RCH1, SRP1alpha"	ENSG00000182481	"Karyopherin subunit alpha 2"	P52292	17	68035636-68047364	"Essential proteins, Plasma proteins, Predicted intracellular proteins, Transporters"	"Host-virus interaction, Protein transport, Transport"		
NUP50	NPAP60L	ENSG00000093000	"Nucleoporin 50"	Q9UKX7	22	45163925-45188017	"Essential proteins, Metabolic proteins, Plasma proteins, Predicted intracellular proteins, Transporters"	"mRNA transport, Protein transport, Translocation, Transport"		
NUP210	"FLJ22389, GP210, KIAA0906, POM210"	ENSG00000132182	"Nucleoporin 210"	Q8TEM1	3	13316235-13420322	"Metabolic proteins, Predicted membrane proteins, Transporters"	"mRNA transport, Protein transport, Translocation, Transport"		
MCM3AP	"GANP, KIAA0572, Map80, SAC3"	ENSG00000160294	"Minichromosome maintenance complex component 3 associated protein"	O60318	21	46235133-46286297	"Disease related genes, Enzymes, Essential proteins, Human disease related genes, Potential drug targets, Predicted intracellular proteins, Transporters"	"Immunity, mRNA transport, Protein transport, Translocation, Transport"	"Acyltransferase, Transferase"	"Intellectual disability, Neuropathy"
EMD	"LEMD5, STA"	ENSG00000102119	Emerin	P50402	X	154379273-154381574	"Disease related genes, Human disease related genes, Predicted membrane proteins"		Actin-binding	"Cardiomyopathy, Disease variant, Emery-Dreifuss muscular dystrophy"
CBX3	HP1Hs-gamma	ENSG00000122565	"Chromobox 3"	Q13185	7	26201162-26213607	"Plasma proteins, Predicted intracellular proteins"	"Biological rhythms, Transcription, Transcription regulation"	"Chromatin regulator, Repressor"	
SUN5	"dJ726C3.1, SPAG4L, TSARG4"	ENSG00000167098	"Sad1 and UNC84 domain containing 5"	Q8TC36	20	32983773-33004433	"Disease related genes, Human disease related genes, Predicted intracellular proteins, Predicted membrane proteins"	"Differentiation, Spermatogenesis"		"Disease variant"
KPNA6	"FLJ11249, IPOA7, KPNA7, MGC17918"	ENSG00000025800	"Karyopherin subunit alpha 6"	O60684	1	32108056-32176563	"Metabolic proteins, Plasma proteins, Predicted intracellular proteins, Transporters"	"Host-virus interaction, Protein transport, Transport"		
NUP88	MGC8530	ENSG00000108559	"Nucleoporin 88"	Q99567	17	5359668-5420164	"Disease related genes, Essential proteins, Human disease related genes, Metabolic proteins, Plasma proteins, Potential drug targets, Predicted intracellular proteins, Predicted membrane proteins, Transporters"	"mRNA transport, Protein transport, Translocation, Transport"		"Disease variant"
IPO5	"IMB3, KPNB3, MGC2068, PSE1, RANBP5"	ENSG00000065150	"Importin 5"	O00410	13	97953658-98024296	"Plasma proteins, Predicted intracellular proteins, Transporters"	"Host-virus interaction, Protein transport, Transport"		
TMEM170A	"FLJ37611, TMEM170"	ENSG00000166822	"Transmembrane protein 170A"	Q8WVE7	16	75443054-75465497	"Predicted membrane proteins, Transporters"			
NUP188	KIAA0169	ENSG00000095319	"Nucleoporin 188"	Q5SRE5	9	128947699-129007096	"Disease related genes, Metabolic proteins, Potential drug targets, Predicted intracellular proteins, Transporters"	"mRNA transport, Protein transport, Translocation, Transport"		"Cataract, Disease variant, Microphthalmia"
CNEP1R1	"C16orf69, FLJ38101, NEP1-R1, TMEM188"	ENSG00000205423	"CTD nuclear envelope phosphatase 1 regulatory subunit 1"	Q8N9A8	16	50024410-50037088	"Predicted membrane proteins"	"Lipid metabolism"		
PARP11	"ARTD11, C12orf6"	ENSG00000111224	"Poly(ADP-ribose) polymerase family member 11"	Q9NR21	12	3791047-3873448	"Metabolic proteins, Predicted intracellular proteins"	"Differentiation, mRNA transport, Protein transport, Spermatogenesis, Translocation, Transport"	"Glycosyltransferase, Nucleotidyltransferase, Transferase"	
RAN	"ARA24, Gsp1, TC4"	ENSG00000132341	"RAN, member RAS oncogene family"	P62826	12	130872037-130877678	"Essential proteins, Plasma proteins, Predicted intracellular proteins, Transporters"	"Cell cycle, Cell division, Host-virus interaction, Mitosis, Protein transport, Transport"	Hydrolase	
MNS1	"FLJ11222, SPATA40"	ENSG00000138587	"Meiosis specific nuclear structural 1"	Q8NEH6	15	56421544-56465137	"Disease related genes, Human disease related genes, Predicted intracellular proteins"	Meiosis		"Disease variant, Heterotaxy"
GLE1	"GLE1L, hGLE1, LCCS1"	ENSG00000119392	"GLE1 RNA export mediator"	Q53GS7	9	128504655-128543874	"Disease related genes, Essential proteins, Human disease related genes, Metabolic proteins, Potential drug targets, Predicted intracellular proteins, Transporters"	"mRNA transport, Protein transport, Translocation, Transport"		"Disease variant"
NXF3		ENSG00000147206	"Nuclear RNA export factor 3"	Q9H4D5	X	103075810-103093143	"Predicted intracellular proteins"	"mRNA transport, Transport"	RNA-binding	
NUP43	"bA350J20.1, FLJ13287"	ENSG00000120253	"Nucleoporin 43"	Q8NFH3	6	149724315-149749665	"Essential proteins, Metabolic proteins, Predicted intracellular proteins, Transporters"	"Cell cycle, Cell division, Chromosome partition, Mitosis, mRNA transport, Protein transport, Translocation, Transport"		
IPO7	"Imp7, RANBP7"	ENSG00000205339	"Importin 7"	O95373	11	9384652-9448127	"Cancer-related genes, Essential proteins, Plasma proteins, Predicted intracellular proteins, Transporters"	"Host-virus interaction, Protein transport, Transport"		"Cancer-related genes"
TOR1B	"DQ1, MGC4386"	ENSG00000136816	"Torsin family 1 member B"	O14657	9	129803157-129811281	"Predicted intracellular proteins, Predicted membrane proteins"		"Chaperone, Hydrolase"	
NUP58	"KIAA0410, NUP45, NUPL1"	ENSG00000139496	"Nucleoporin 58"	Q9BVL2	13	25301524-25365390	"Essential proteins, Metabolic proteins, Predicted intracellular proteins, Transporters"	"mRNA transport, Protein transport, Translocation, Transport"		
PARP1	"ADPRT, ARTD1, PARP, PARS, Poly-PARP, PPOL"	ENSG00000143799	"Poly(ADP-ribose) polymerase 1"	P09874	1	226360210-226408154	"Cancer-related genes, Enzymes, FDA approved drug targets, Metabolic proteins, Plasma proteins, Predicted intracellular proteins"	"Apoptosis, DNA damage, DNA repair, Immunity, Innate immunity, Transcription, Transcription regulation"	"Allosteric enzyme, DNA-binding, Glycosyltransferase, Nucleotidyltransferase, Transferase"	"Cancer-related genes, FDA approved drug targets"
TMPO	"LAP2, LEMD4, TP"	ENSG00000120802	Thymopoietin	"P42166, P42167"	12	98515579-98550351	"Human disease related genes, Plasma proteins, Predicted intracellular proteins, Predicted membrane proteins"		DNA-binding	Cardiomyopathy
NUP42	"CG1, H_RG271G13.9, hCG1, NLP_1, NUPL2"	ENSG00000136243	"Nucleoporin 42"	O15504	7	23181841-23201011	"Metabolic proteins, Predicted intracellular proteins, Transporters"	"mRNA transport, Protein transport, Translocation, Transport"		
XPO1	"CRM-1, CRM1, emb"	ENSG00000082898	"Exportin 1"	O14980	2	61476032-61538741	"Cancer-related genes, Essential proteins, FDA approved drug targets, Plasma proteins, Predicted intracellular proteins, Transporters"	"Host-virus interaction, mRNA transport, Protein transport, Transport"	RNA-binding	"Cancer-related genes, FDA approved drug targets"
CHMP7	MGC29816	ENSG00000147457	"Charged multivesicular body protein 7"	Q8WUX9	8	23243637-23262000	"Essential proteins, Predicted intracellular proteins"	"Protein transport, Transport"		
LBR	"DHCR14B, TDRD18"	ENSG00000143815	"Lamin B receptor"	Q14739	1	225401502-225428925	"Disease related genes, Enzymes, Human disease related genes, Metabolic proteins, Plasma proteins, Potential drug targets, Predicted intracellular proteins, Predicted membrane proteins"	"Cholesterol biosynthesis, Cholesterol metabolism, Lipid biosynthesis, Lipid metabolism, Steroid biosynthesis, Steroid metabolism, Sterol biosynthesis, Sterol metabolism"	"DNA-binding, Oxidoreductase, Receptor"	"Disease variant, Dwarfism"
NXF2	"CT39, TAPL-2"	ENSG00000269405	"Nuclear RNA export factor 2"	Q9GZY0	X	102247167-102326722	"Predicted intracellular proteins"	"mRNA transport, Transport"	RNA-binding	
NXF2B	bA353J17.1	ENSG00000269437	"Nuclear RNA export factor 2B"	Q9GZY0	X	102360395-102440008	"Predicted intracellular proteins"	"mRNA transport, Transport"	RNA-binding	
UBE2I	UBC9	ENSG00000103275	"Ubiquitin conjugating enzyme E2 I"	P63279	16	1308880-1327018	"Cancer-related genes, Essential proteins, Metabolic proteins, Plasma proteins, Predicted intracellular proteins, Transporters"	"Cell cycle, Cell division, Chromosome partition, Host-virus interaction, Mitosis, Ubl conjugation pathway"	Transferase	"Cancer-related genes"
ALOX5	5-LOX	ENSG00000012779	"Arachidonate 5-lipoxygenase"	P09917	10	45374176-45446119	"Enzymes, FDA approved drug targets, Human disease related genes, Metabolic proteins, Predicted intracellular proteins"	"Leukotriene biosynthesis, Lipid metabolism"	"Dioxygenase, Hydrolase, Oxidoreductase"	"FDA approved drug targets"
CCAR1	"CARP-1, CARP1, FLJ10590"	ENSG00000060339	"Cell division cycle and apoptosis regulator 1"	Q8IX12	10	68721012-68792377	"Cancer-related genes, Essential proteins, Predicted intracellular proteins"	"Apoptosis, Cell cycle, Transcription, Transcription regulation"	"Activator, Repressor"	"Cancer-related genes"
SPAG4	"CT127, SUN4"	ENSG00000061656	"Sperm associated antigen 4"	Q9NPE6	20	35615829-35621094	"Predicted intracellular proteins, Predicted membrane proteins"	"Differentiation, Spermatogenesis"		
NUP160	"FLJ22583, KIAA0197"	ENSG00000030066	"Nucleoporin 160"	Q12769	11	47778087-47848555	"Disease related genes, Essential proteins, Human disease related genes, Metabolic proteins, Potential drug targets, Predicted intracellular proteins, Transporters"	"mRNA transport, Protein transport, Translocation, Transport"		"Disease variant"
SEC13	"D3S1231E, npp-20, SEC13L1, SEC13R"	ENSG00000157020	"SEC13 homolog, nuclear pore and COPII coat complex component"	P55735	3	10293131-10321112	"Essential proteins, Metabolic proteins, Predicted intracellular proteins, Transporters"	"ER-Golgi transport, mRNA transport, Protein transport, Translocation, Transport"		
LEMD3	MAN1	ENSG00000174106	"LEM domain containing 3"	Q9Y2U8	12	65169583-65248355	"Disease related genes, Human disease related genes, Plasma proteins, Predicted membrane proteins"		DNA-binding	"Disease variant"
MX2	MXB	ENSG00000183486	"MX dynamin like GTPase 2"	P20592	21	41361999-41409393	"Plasma proteins, Predicted intracellular proteins, Transporters"	"Antiviral defense, Immunity, Innate immunity, mRNA transport, Protein transport, Translocation, Transport"		
TOR1A	"DQ2, DYT1"	ENSG00000136827	"Torsin family 1 member A"	O14656	9	129812942-129824244	"Disease related genes, Human disease related genes, Predicted intracellular proteins"		"Chaperone, Hydrolase"	"Disease variant, Dystonia"
NSMF	NELF	ENSG00000165802	"NMDA receptor synaptonuclear signaling and neuronal migration factor"	Q6X4W1	9	137447570-137459334	"Disease related genes, Human disease related genes, Predicted intracellular proteins"			"Disease variant, Hypogonadotropic hypogonadism, Kallmann syndrome"
CSE1L	"CAS, CSE1, XPO2"	ENSG00000124207	"Chromosome segregation 1 like"	P55060	20	49046246-49096960	"Cancer-related genes, Essential proteins, Plasma proteins, Predicted intracellular proteins, Transporters"	"Protein transport, Transport"		"Cancer-related genes"
NUP62CL	FLJ20130	ENSG00000198088	"Nucleoporin 62 C-terminal like"	Q9H1M0	X	107123427-107206433	"Metabolic proteins, Predicted intracellular proteins"	"Protein transport, Transport"		
AKAP6	"ADAP6, AKAP100, KIAA0311, mAKAP, PRKA6"	ENSG00000151320	"A-kinase anchoring protein 6"	Q13023	14	32329298-32837684	"Predicted intracellular proteins, Predicted membrane proteins"			
IFFO1	"HOM-TES-103, IFFO"	ENSG00000010295	"Intermediate filament family orphan 1"	Q0D2I5	12	6538961-6556073	"Predicted intracellular proteins"			
KASH5	"CCDC155, FLJ32658"	ENSG00000161609	"KASH domain containing 5"	Q8N6L0	19	49388219-49417990	"Predicted intracellular proteins, Predicted membrane proteins"	Meiosis		"Disease variant, Premature ovarian failure"
LTC4S	MGC33147	ENSG00000213316	"Leukotriene C4 synthase"	Q16873	5	179793980-179796647	"Disease related genes, Enzymes, Human disease related genes, Metabolic proteins, Potential drug targets, Predicted membrane proteins"	"Leukotriene biosynthesis, Lipid biosynthesis, Lipid metabolism"	"Lyase, Transferase"	
MLIP	"C6orf142, CIP, MGC18257"	ENSG00000146147	"Muscular LMNA interacting protein"	Q5VWP3	6	53929982-54266280	"Disease related genes, Predicted intracellular proteins"			"Disease variant"
SEH1L	"SEC13L, Seh1, SEH1A, SEH1B"	ENSG00000085415	"SEH1 like nucleoporin"	Q96EE3	18	12947133-12987536	"Essential proteins, Metabolic proteins, Predicted intracellular proteins, Transporters"	"Cell cycle, Cell division, Chromosome partition, Mitosis, mRNA transport, Protein transport, Translocation, Transport"		
ANKLE2	"KIAA0692, Lem4, LEMD7"	ENSG00000176915	"Ankyrin repeat and LEM domain containing 2"	Q86XL3	12	132725503-132761832	"Disease related genes, Essential proteins, Human disease related genes, Predicted intracellular proteins, Predicted membrane proteins"	"Cell cycle, Cell division, Mitosis"		"Disease variant, Primary microcephaly"
PAFAH1B1	"LIS1, MDCR, MDS, NudF, PAFAH"	ENSG00000007168	"Platelet activating factor acetylhydrolase 1b regulatory subunit 1"	P43034	17	2593210-2685615	"Disease related genes, Essential proteins, Human disease related genes, Metabolic proteins, Plasma proteins, Predicted intracellular proteins"	"Cell cycle, Cell division, Differentiation, Lipid degradation, Lipid metabolism, Mitosis, Neurogenesis, Transport"	"Developmental protein"	"Disease variant, Lissencephaly"
DDX19B	"DBP5, DDX19"	ENSG00000157349	"DEAD-box helicase 19B"	Q9UMR2	16	70289663-70335305	"Enzymes, Metabolic proteins, Plasma proteins, Predicted intracellular proteins, Transporters"		"Helicase, Hydrolase, RNA-binding"	
INTS13	"ASUN, C12orf11, FLJ10637, Mat89Bb, NET48, SPATA30"	ENSG00000064102	"Integrator complex subunit 13"	Q9NVM9	12	26905181-26938326	"Essential proteins, Predicted intracellular proteins"	"Cell cycle, Cell division, Mitosis"		
DCTN1		ENSG00000204843	"Dynactin subunit 1"	Q14203	2	74361154-74392087	"Cancer-related genes, Disease related genes, Human disease related genes, Plasma proteins, Predicted intracellular proteins"	"Cell cycle, Cell division, Mitosis, Transport"		"Amyotrophic lateral sclerosis, Cancer-related genes, Neurodegeneration, Neuropathy, Parkinsonism"
GPER1	"CEPR, CMKRL2, DRY12, FEG-1, GPCR-Br, GPER, GPR30, LERGU, LERGU2, LyGPR"	ENSG00000164850	"G protein-coupled estrogen receptor 1"	Q99527	7	1082208-1093815	"G-protein coupled receptors, Predicted membrane proteins, Transporters"	"Apoptosis, Cell cycle, Differentiation, Immunity, Inflammatory response, Innate immunity, Neurogenesis"	"G-protein coupled receptor, Receptor, Transducer"	
MAD1L1	"HsMAD1, MAD1, PIG9, TP53I9, TXBP181"	ENSG00000002822	"Mitotic arrest deficient 1 like 1"	Q9Y6D9	7	1815793-2233243	"Disease related genes, Human disease related genes, Predicted intracellular proteins"	"Cell cycle, Cell division, Mitosis"		"Disease variant"
MAJIN	C11orf85	ENSG00000168070	"Membrane anchored junction protein"	Q3KP22	11	64937517-64972108	"Predicted intracellular proteins"	Meiosis	DNA-binding	
NPIPB3	"KIAA0220, NPIPL3"	ENSG00000169246	"Nuclear pore complex interacting protein family member B3"	Q92617	16	21402237-21448567	"Predicted intracellular proteins, Predicted membrane proteins"			
NRM	NRM29	ENSG00000137404	Nurim	Q8IXM6	6	30688047-30691420	"Predicted membrane proteins"			
TERB1	"CCDC79, FLJ35894"	ENSG00000249961	"Telomere repeat binding bouquet formation protein 1"	Q8NA31	16	66754640-66801620	"Disease related genes, Human disease related genes, Predicted intracellular proteins"	Meiosis		"Disease variant"
TERB2	"C15orf43, MGC33951"	ENSG00000167014	"Telomere repeat binding bouquet formation protein 2"	Q8NHR7	15	44956687-44979229	"Disease related genes, Human disease related genes, Predicted intracellular proteins"			
VPS4A	"FLJ22197, SKD1, SKD1A, SKD2, VPS4, VPS4-1"	ENSG00000132612	"Vacuolar protein sorting 4 homolog A"	Q9UN37	16	69311350-69326939	"Disease related genes, Enzymes, Human disease related genes, Potential drug targets, Predicted intracellular proteins"	"Cell cycle, Cell division, Protein transport, Transport"	Hydrolase	"Cataract, Congenital dyserythropoietic anemia, Disease variant, Hereditary hemolytic anemia, Intellectual disability"
CETN3	CEN3	ENSG00000153140	"Centrin 3"	O15182	5	90392257-90409766	"Predicted intracellular proteins"	"Cell cycle, Cell division, Mitosis, mRNA transport, Protein transport, Translocation, Transport"		
IPO8	"IMP8, RANBP8"	ENSG00000133704	"Importin 8"	O15397	12	30628988-30695869	"Disease related genes, Potential drug targets, Predicted intracellular proteins, Transporters"	"Protein transport, Transport"		"Aortic aneurysm, Disease variant"
NUP37	"FLJ22618, MGC5585"	ENSG00000075188	"Nucleoporin 37"	Q8NFH4	12	102073103-102120120	"Disease related genes, Human disease related genes, Metabolic proteins, Potential drug targets, Predicted intracellular proteins, Transporters"	"Cell cycle, Cell division, Chromosome partition, Mitosis, mRNA transport, Protein transport, Translocation, Transport"		"Disease variant, Primary microcephaly"
AAAS		ENSG00000094914	"Aladin WD repeat nucleoporin"	Q9NRG9	12	53307456-53324864	"Disease related genes, Human disease related genes, Metabolic proteins, Potential drug targets, Predicted intracellular proteins, Transporters"	"mRNA transport, Protein transport, Translocation, Transport"		"Disease variant"
FANCL	"FAAP43, FLJ10335, PHF9, Pog"	ENSG00000115392	"FA complementation group L"	Q9NW38	2	58159243-58241410	"Disease related genes, Enzymes, Human disease related genes, Metabolic proteins, Potential drug targets, Predicted intracellular proteins"	"DNA damage, DNA repair, Ubl conjugation pathway"	Transferase	"Fanconi anemia"
RAD21L1	"dJ545L17.2, RAD21L"	ENSG00000244588	"RAD21 cohesin complex component like 1"	Q9H4I0	20	1226044-1296421	"Predicted intracellular proteins"	"Chromosome partition, Meiosis"		
CENPF	hcp-1	ENSG00000117724	"Centromere protein F"	P49454	1	214603185-214664574	"Cancer-related genes, Disease related genes, Human disease related genes, Plasma proteins, Predicted intracellular proteins"	"Cell cycle, Cell division, Differentiation, DNA synthesis, Mitosis, Myogenesis"	"Developmental protein"	"Cancer-related genes, Ciliopathy, Primary ciliary dyskinesia"
CETN2	"CALT, CEN2"	ENSG00000147400	"Centrin 2"	P41208	X	152826994-152830757	"Predicted intracellular proteins"	"Cell cycle, Cell division, DNA damage, DNA repair, Mitosis, mRNA transport, Protein transport, Translocation, Transport"		
CHMP2A	"BC-2, CHMP2, VPS2, VPS2A"	ENSG00000130724	"Charged multivesicular body protein 2A"	O43633	19	58551452-58555105	"Essential proteins, Predicted intracellular proteins"	"Host-virus interaction, Protein transport, Transport"		
PGRMC2	"DG6, PMBP"	ENSG00000164040	"Progesterone receptor membrane component 2"	O15173	4	128269237-128288829	"Predicted intracellular proteins, Predicted membrane proteins, Predicted secreted proteins, Transporters"		Receptor	
LPIN1	KIAA0188	ENSG00000134324	"Lipin 1"	Q14693	2	11677595-11827409	"Disease related genes, Enzymes, Human disease related genes, Metabolic proteins, Plasma proteins, Potential drug targets, Predicted intracellular proteins"	"Fatty acid metabolism, Lipid metabolism, Transcription, Transcription regulation"	Hydrolase	
FAM169A	"KIAA0888, SLAP75"	ENSG00000198780	"Family with sequence similarity 169 member A"	Q9Y6X4	5	74777574-74866966	"Predicted intracellular proteins"			
RAE1	"Gle2, Mnrp41"	ENSG00000101146	"Ribonucleic acid export 1"	P78406	20	57351223-57379211	"Essential proteins, Metabolic proteins, Plasma proteins, Predicted intracellular proteins, Transporters"	"Cell cycle, Cell division, Host-virus interaction, Mitosis, Transport"		
TNKS2	"ARTD6, PARP-5b, PARP-5c, PARP5B, PARP5C, pART6, TANK2, TNKL"	ENSG00000107854	"Tankyrase 2"	Q9H2K2	10	91798426-91865475	"Enzymes, Metabolic proteins, Plasma proteins, Predicted intracellular proteins"	"Wnt signaling pathway"	"Glycosyltransferase, Nucleotidyltransferase, Transferase"	
ZMPSTE24	"FACE-1, HGPS, PRO1, STE24, Ste24p"	ENSG00000084073	"Zinc metallopeptidase STE24"	O75844	1	40258041-40294180	"Disease related genes, Enzymes, Human disease related genes, Metabolic proteins, Potential drug targets, Predicted membrane proteins, Transporters"		"Antiviral protein, Hydrolase, Metalloprotease, Protease"	"Disease variant"
CLIC1	"CLCNL1, G6, NCC27, p64CLCP"	ENSG00000213719	"Chloride intracellular channel 1"	O00299	6	31730581-31739763	"Cancer-related genes, Plasma proteins, Predicted intracellular proteins, Transporters"	"Ion transport, Transport"	"Chloride channel, Ion channel, Oxidoreductase, Voltage-gated channel"	"Cancer-related genes"
PLK1	PLK	ENSG00000166851	"Polo like kinase 1"	P53350	16	23677656-23690367	"Cancer-related genes, Disease related genes, Enzymes, Essential proteins, Potential drug targets, Predicted intracellular proteins"	"Cell cycle, Cell division, Mitosis"	"Kinase, Serine/threonine-protein kinase, Transferase"	"Cancer-related genes"
RBM15	"OTT, OTT1"	ENSG00000162775	"RNA binding motif protein 15"	Q96T37	1	110338506-110346681	"Cancer-related genes, Disease related genes, Plasma proteins, Predicted intracellular proteins"	"Host-virus interaction"	RNA-binding	"Cancer-related genes, Proto-oncogene"
SIRT1	SIR2L1	ENSG00000096717	"Sirtuin 1"	Q96EB6	10	67884656-67918390	"Enzymes, Metabolic proteins, Predicted intracellular proteins"	"Apoptosis, Biological rhythms, Differentiation, Host-virus interaction, Myogenesis, Transcription, Transcription regulation"	"Developmental protein, Transferase"	
BCLAF1	"BTF, KIAA0164"	ENSG00000029363	"BCL2 associated transcription factor 1"	Q9NYF8	6	136256627-136289851	"Cancer-related genes, Essential proteins, Plasma proteins, Predicted intracellular proteins"	"Transcription, Transcription regulation"	"DNA-binding, Repressor"	"Cancer-related genes"
POLA1	"NSX, p180, POLA"	ENSG00000101868	"DNA polymerase alpha 1, catalytic subunit"	P09884	X	24693873-24996986	"Disease related genes, Enzymes, Essential proteins, FDA approved drug targets, Human disease related genes, Metabolic proteins, Predicted intracellular proteins"	"DNA replication, Host-virus interaction"	"DNA-binding, DNA-directed DNA polymerase, Nucleotidyltransferase, Transferase"	"Disease variant, Dwarfism, FDA approved drug targets, Intellectual disability"
BNIP3L	"BNIP3a, Nix"	ENSG00000104765	"BCL2 interacting protein 3 like"	O60238	8	26383054-26505636	"Cancer-related genes, Predicted membrane proteins, Transporters"	"Apoptosis, Host-virus interaction"		"Cancer-related genes"
CALR	"cC1qR, CRT, FLJ26680, RO, SSA"	ENSG00000179218	Calreticulin	P27797	19	12938578-12944489	"Cancer-related genes, Disease related genes, Human disease related genes, Plasma proteins, Potential drug targets, Predicted intracellular proteins, Transporters"		Chaperone	"Cancer-related genes"
CHMP4B	"C20orf178, dJ553F4.4, Shax1, SNF7-2, VPS32B"	ENSG00000101421	"Charged multivesicular body protein 4B"	Q9H444	20	33811348-33854366	"Disease related genes, Essential proteins, Human disease related genes, Predicted intracellular proteins"	"Host-virus interaction, Protein transport, Transport"		"Cataract, Disease variant"
PLAAT3	"AdPLA, H-REV107-1, HRASLS3, HREV107, HREV107-3, MGC118754., PLA2G16, PLAAT-3"	ENSG00000176485	"Phospholipase A and acyltransferase 3"	P53816	11	63573195-63616883	"Enzymes, Metabolic proteins, Predicted intracellular proteins, Predicted membrane proteins, RAS pathway related proteins"	"Host-virus interaction, Lipid degradation, Lipid metabolism"	"Hydrolase, Transferase"	"Disease variant"
TOR1AIP2	"IFRG15, LULL1, NET9"	ENSG00000169905	"Torsin 1A interacting protein 2"	"Q8NFQ8, Q9H496"	1	179839967-179877803	"Predicted intracellular proteins, Predicted membrane proteins"			
TREX1	"AGS1, DRN3"	ENSG00000213689	"Three prime repair exonuclease 1"	Q9NSU2	3	48465811-48467645	"Disease related genes, Enzymes, Human disease related genes, Metabolic proteins, Potential drug targets, Predicted membrane proteins"		"Exonuclease, Hydrolase, Nuclease"	"Aicardi-Goutieres syndrome, Disease variant, Neurodegeneration, Systemic lupus erythematosus"
LORICRIN	LOR	ENSG00000203782	"Loricrin cornified envelope precursor protein"	P23490	1	153259687-153262124	"Disease related genes, Human disease related genes, Predicted intracellular proteins"	Keratinization		"Ichthyosis, Palmoplantar keratoderma"
PLPP6	"FLJ46512, FLJ90191, PDP1, PPAPDC2"	ENSG00000205808	"Phospholipid phosphatase 6"	Q8IY26	9	4662294-4665258	"Enzymes, Metabolic proteins, Predicted membrane proteins"	"Immunity, Innate immunity, Lipid metabolism"	"Hydrolase, Lyase"	
RANBP1	HTF9A	ENSG00000099901	"RAN binding protein 1"	P43487	22	20115938-20127355	"Essential proteins, Plasma proteins, Predicted intracellular proteins"		"GTPase activation"	
ATP1B4		ENSG00000101892	"ATPase Na+/K+ transporting family member beta 4"	Q9UN42	X	120362085-120383249	"Metabolic proteins, Predicted intracellular proteins, Predicted membrane proteins"	"Transcription, Transcription regulation"		
DMPK	"DM, DM1, DM1PK, DMK, MDPK, MT-PK"	ENSG00000104936	"DM1 protein kinase"	Q09013	19	45769709-45782552	"Disease related genes, Enzymes, Human disease related genes, Potential drug targets, Predicted intracellular proteins, Predicted membrane proteins"		"Kinase, Serine/threonine-protein kinase, Transferase"	Cataract
DNASE1	DNL1	ENSG00000213918	"Deoxyribonuclease 1"	P24855	16	3611728-3680143	"Disease related genes, Enzymes, Human disease related genes, Potential drug targets, Predicted intracellular proteins, Predicted secreted proteins"	Apoptosis	"Actin-binding, Endonuclease, Hydrolase, Nuclease"	"Systemic lupus erythematosus"
IFI27	"FAM14D, ISG12, P27"	ENSG00000165949	"Interferon alpha inducible protein 27"	P40305	14	94104836-94116695	"Plasma proteins, Predicted intracellular proteins, Predicted membrane proteins"	"Antiviral defense, Apoptosis, Host-virus interaction, Immunity, Innate immunity, Transcription, Transcription regulation"		
INSR	CD220	ENSG00000171105	"Insulin receptor"	P06213	19	7112255-7294414	"CD markers, Disease related genes, Enzymes, FDA approved drug targets, Human disease related genes, Plasma proteins, Predicted intracellular proteins, Predicted membrane proteins, RAS pathway related proteins"	"Carbohydrate metabolism"	"Kinase, Receptor, Transferase, Tyrosine-protein kinase"	"Diabetes mellitus, Disease variant, FDA approved drug targets"
IPO9	"FLJ10402, Imp9"	ENSG00000198700	"Importin 9"	Q96P70	1	201829149-201884291	"Essential proteins, Predicted intracellular proteins, Transporters"	"Protein transport, Transport"	Chaperone	
MTMR6		ENSG00000139505	"Myotubularin related protein 6"	Q9Y217	13	25246222-25287510	"Enzymes, Metabolic proteins, Plasma proteins, Predicted intracellular proteins"	"Endocytosis, Lipid metabolism"	Hydrolase	
MYOF	"FER1L3, KIAA1207"	ENSG00000138119	Myoferlin	Q9NZM1	10	93306429-93482334	"Disease related genes, Human disease related genes, Plasma proteins, Potential drug targets, Predicted intracellular proteins, Predicted membrane proteins, Transporters"			
REEP3	"C10orf74, Yip2b"	ENSG00000165476	"Receptor accessory protein 3"	Q6NUK4	10	63521401-63625128	"Predicted membrane proteins"	"Cell cycle, Cell division, Mitosis"		
REEP4	"C8orf20, FLJ22246, FLJ22277, PP432, Yip2c"	ENSG00000168476	"Receptor accessory protein 4"	Q9H6H4	8	22138020-22141951	"Predicted membrane proteins"	"Cell cycle, Cell division, Mitosis"		
SIGMAR1	"OPRS1, SR-BP1"	ENSG00000147955	"Sigma non-opioid intracellular receptor 1"	Q99720	9	34634722-34637844	"Disease related genes, FDA approved drug targets, Human disease related genes, Predicted intracellular proteins, Predicted membrane proteins, Transporters"	"Lipid transport, Transport"	Receptor	"Amyotrophic lateral sclerosis, Disease variant, FDA approved drug targets, Neurodegeneration, Neuropathy"
SREBF1	"bHLHd1, SREBP-1c, SREBP1, SREBP1a"	ENSG00000072310	"Sterol regulatory element binding transcription factor 1"	P36956	17	17810399-17837002	"Disease related genes, Human disease related genes, Plasma proteins, Predicted intracellular proteins, Predicted membrane proteins, Transcription factors"	"Cholesterol metabolism, Lipid metabolism, Steroid metabolism, Sterol metabolism, Transcription, Transcription regulation"	"Activator, DNA-binding"	"Disease variant, Ichthyosis"
TNPO3	"IPO12, LGMD1F, MTR10A, TRN-SR, TRN-SR2"	ENSG00000064419	"Transportin 3"	Q9Y5L0	7	128954180-129055173	"Disease related genes, Essential proteins, Human disease related genes, Predicted intracellular proteins"	"Protein transport, Transport"		"Disease variant, Limb-girdle muscular dystrophy"
WDFY3	"ALFY, KIAA0993, ZFYVE25"	ENSG00000163625	"WD repeat and FYVE domain containing 3"	Q8IZQ1	4	84668765-84966690	"Disease related genes, Human disease related genes, Predicted intracellular proteins"	Autophagy	"Developmental protein"	"Disease variant, Primary microcephaly"
CDCA2	"PPP1R81, Repo-Man"	ENSG00000184661	"Cell division cycle associated 2"	Q69YH5	8	25459199-25507911	"Predicted intracellular proteins"	"Cell cycle, Cell division, Mitosis"		
FAM156A	"PRO0659, TMEM29"	ENSG00000268350	"Family with sequence similarity 156 member A"	Q8NDB6	X	52926402-52995472	"Predicted intracellular proteins"			
FAM156B	TMEM29B	ENSG00000179304	"Family with sequence similarity 156 member B"	Q8NDB6	X	52891306-52908560	"Predicted intracellular proteins"			
TOR4A	"C9orf167, FLJ20245"	ENSG00000198113	"Torsin family 4 member A"	Q9NXH8	9	137277726-137282641	"Predicted intracellular proteins"			
HTATIP2	"CC3, FLJ26963, SDR44U1, TIP30"	ENSG00000109854	"HIV-1 Tat interactive protein 2"	Q9BUP3	11	20363685-20383782	"Metabolic proteins, Predicted intracellular proteins, Predicted membrane proteins"	"Host-virus interaction, Translation regulation"		"Tumor suppressor"
ITPR1	"ACV, Insp3r1, IP3R1, PPP1R94, SCA15, SCA16, SCA29"	ENSG00000150995	"Inositol 1,4,5-trisphosphate receptor type 1"	Q14643	3	4493345-4847506	"Disease related genes, Human disease related genes, Plasma proteins, Potential drug targets, Predicted intracellular proteins, Predicted membrane proteins, Transporters"	"Apoptosis, Calcium transport, Ion transport, Transport"	"Calcium channel, Ion channel, Ligand-gated ion channel, Receptor"	"Disease variant, Intellectual disability, Neurodegeneration, Spinocerebellar ataxia"
PARP16	"ARTD15, C15orf30, FLJ20509, FLJ25281, pART15"	ENSG00000138617	"Poly(ADP-ribose) polymerase family member 16"	Q8N5Y8	15	65234460-65300618	"Metabolic proteins, Predicted membrane proteins"	"Unfolded protein response"	"Glycosyltransferase, Nucleotidyltransferase, Transferase"	
TMEM33	"FLJ10525, Pom33"	ENSG00000109133	"Transmembrane protein 33"	P57088	4	41935129-41960803	"Predicted membrane proteins, Transporters"	"Immunity, Innate immunity"		
XPO6	"FLJ22519, KIAA0370, RANBP20"	ENSG00000169180	"Exportin 6"	Q96QU8	16	28097976-28211965	"Metabolic proteins, Predicted intracellular proteins"	"Protein transport, Transport"		
C12orf43	"Custos, FLJ12448"	ENSG00000157895	"Chromosome 12 open reading frame 43"	Q96C57	12	121000486-121016502	"Predicted intracellular proteins"	"Wnt signaling pathway"	"Developmental protein"	
GOLT1A	"CGI-141, FLJ42654, GOT1, MGC62027, YMR292W"	ENSG00000174567	"Golgi transport 1A"	Q6ZVE7	1	204198163-204213988	"Predicted membrane proteins"	"Protein transport, Transport"		
LMNTD1	"FLJ36004, IFLTD1, Pas1c1"	ENSG00000152936	"Lamin tail domain containing 1"	Q8N9Z9	12	25409307-25648579	"Predicted intracellular proteins"			
MYC	"bHLHe39, c-Myc, MYCC"	ENSG00000136997	"MYC proto-oncogene, bHLH transcription factor"	P01106	8	127735434-127742951	"Cancer-related genes, Disease related genes, Essential proteins, Human disease related genes, Predicted intracellular proteins, Transcription factors"	"Transcription, Transcription regulation"	"Activator, DNA-binding"	"Cancer-related genes, Proto-oncogene"
OSBPL6	ORP6	ENSG00000079156	"Oxysterol binding protein like 6"	Q9BZF3	2	178194481-178402893	"Plasma proteins, Predicted intracellular proteins"	"Lipid transport, Transport"		
OTULINL	"FAM105A, FLJ11127, NET20"	ENSG00000145569	"OTU deubiquitinase with linear linkage specificity like"	Q9NUU6	5	14581792-14616180	"Enzymes, Predicted membrane proteins"			
PLPP7	"C9orf67, FLJ14662, MGC12921, NET39, PPAPDC3"	ENSG00000160539	"Phospholipid phosphatase 7 (inactive)"	Q8NBV4	9	131289459-131359022	"Predicted intracellular proteins, Predicted membrane proteins"			
PRKCZ	PKC2	ENSG00000067606	"Protein kinase C zeta"	Q05513	1	2050411-2185395	"Enzymes, FDA approved drug targets, Plasma proteins, Predicted intracellular proteins"	"Inflammatory response"	"Kinase, Serine/threonine-protein kinase, Transferase"	"FDA approved drug targets"
RNF180		ENSG00000164197	"Ring finger protein 180"	Q86T96	5	64165843-64372869	"Enzymes, Metabolic proteins, Predicted intracellular proteins, Predicted membrane proteins"	"Ubl conjugation pathway"	Transferase	
LCE6A	C1orf44	ENSG00000235942	"Late cornified envelope 6A"	A0A183	1	152842856-152843983	"Predicted intracellular proteins"	Keratinization		
S100A6	"2A9, CABP, CACY, PRA"	ENSG00000197956	"S100 calcium binding protein A6"	P06703	1	153534599-153536244	"Cancer-related genes, Plasma proteins, Predicted intracellular proteins"			"Cancer-related genes"
SMPD4	"FLJ20297, FLJ20756, KIAA1418, NET13, nSMase-3, NSMASE3"	ENSG00000136699	"Sphingomyelin phosphodiesterase 4"	Q9NXE4	2	130151392-130182750	"Disease related genes, Enzymes, Human disease related genes, Metabolic proteins, Potential drug targets, Predicted intracellular proteins, Predicted membrane proteins"	"Lipid metabolism"	Hydrolase	"Disease variant, Intellectual disability"
ALOX5AP	FLAP	ENSG00000132965	"Arachidonate 5-lipoxygenase activating protein"	P20292	13	30713478-30764426	"Disease related genes, Predicted membrane proteins"	"Leukotriene biosynthesis"		
IVL		ENSG00000163207	Involucrin	P07476	1	152908546-152911886	"Plasma proteins, Predicted intracellular proteins"	Keratinization		
RBM15B	"HUMAGCGB, OTT3"	ENSG00000259956	"RNA binding motif protein 15B"	Q8NDT2	3	51391285-51397908	"Predicted intracellular proteins"	"Host-virus interaction, mRNA processing, mRNA splicing, Transcription, Transcription regulation"	RNA-binding	
FBXW11	"BTRC2, BTRCP2, Fbw11, Fbw1b, FBXW1B, Hos, KIAA0696"	ENSG00000072803	"F-box and WD repeat domain containing 11"	Q9UKB1	5	171861549-172006873	"Disease related genes, Human disease related genes, Plasma proteins, Predicted intracellular proteins"	"Biological rhythms, Cell cycle, Host-virus interaction, Ubl conjugation pathway, Wnt signaling pathway"		"Disease variant"
MAPK3	"ERK1, p44erk1, p44mapk, PRKM3"	ENSG00000102882	"Mitogen-activated protein kinase 3"	P27361	16	30114105-30123506	"Cancer-related genes, Enzymes, FDA approved drug targets, Predicted intracellular proteins, RAS pathway related proteins"	"Apoptosis, Cell cycle, Host-virus interaction"	"Kinase, Serine/threonine-protein kinase, Transferase"	"Cancer-related genes, FDA approved drug targets"
BNIP3	"HABON, Nip3"	ENSG00000176171	"BCL2 interacting protein 3"	Q12983	10	131967684-131981967	"Cancer-related genes, Predicted membrane proteins, Transporters"	"Apoptosis, Host-virus interaction"		"Cancer-related genes"
ERV3-1	"envR, ERV-R, ERV3, H-PLK, HERV-R"	ENSG00000213462	"Endogenous retrovirus group 3 member 1, envelope"	Q14264	7	64990356-65006743	"Predicted intracellular proteins"			
SCEL	"FLJ21667, MGC22531"	ENSG00000136155	Sciellin	O95171	13	77535674-77645263	"Plasma proteins, Predicted intracellular proteins"			
TRPC7		ENSG00000069018	"Transient receptor potential cation channel subfamily C member 7"	Q9HCX4	5	136212745-136365545	"Predicted membrane proteins, Voltage-gated ion channels"	"Calcium transport, Ion transport, Transport"	"Calcium channel, Ion channel"	
ATF6	ATF6A	ENSG00000118217	"Activating transcription factor 6"	P18850	1	161766298-161977574	"Disease related genes, Human disease related genes, Plasma proteins, Predicted intracellular proteins, Predicted membrane proteins, Transcription factors"	"Transcription, Transcription regulation, Unfolded protein response"	"Activator, DNA-binding"	"Disease variant"
BICD2	KIAA0699	ENSG00000185963	"BICD cargo adaptor 2"	Q8TD16	9	92711363-92764833	"Disease related genes, Human disease related genes, Predicted intracellular proteins"	"mRNA transport, Protein transport, Translocation, Transport"		"Disease variant, Neurodegeneration"
GMCL1	"BTBD13, FLJ13057, GCL1, SPATA29"	ENSG00000087338	"Germ cell-less 1, spermatogenesis associated"	Q96IK5	2	69829660-69881384	"Plasma proteins, Predicted intracellular proteins"	"Differentiation, Spermatogenesis"	"Developmental protein"	
HAX1	"HAX-1, HCLSBP1, HS1BP1"	ENSG00000143575	"HCLS1 associated protein X-1"	O00165	1	154272355-154275875	"Disease related genes, Human disease related genes, Predicted intracellular proteins"			"Disease variant"
IPO11	RanBP11	ENSG00000086200	"Importin 11"	Q9UI26	5	62403972-62628582	"Essential proteins, Plasma proteins, Predicted intracellular proteins, Transporters"	"Protein transport, Transport"		
RTN4	"ASY, KIAA0886, NOGO, NSP-CL"	ENSG00000115310	"Reticulon 4"	Q9NQC3	2	54972187-55112621	"Plasma proteins, Predicted intracellular proteins, Predicted membrane proteins"	Neurogenesis		
SHISA5	"hShisa5, SCOTIN"	ENSG00000164054	"Shisa family member 5"	Q8N114	3	48467798-48504826	"Predicted intracellular proteins, Predicted membrane proteins"	Apoptosis		
UFD1	UFD1L	ENSG00000070010	"Ubiquitin recognition factor in ER associated degradation 1"	Q92890	22	19449911-19479202	"Essential proteins, Predicted intracellular proteins, Transporters"	"Ubl conjugation pathway"		
FAF1	"CGI-03, hFAF1, HFAF1s, UBXD12, UBXN3A"	ENSG00000185104	"Fas associated factor 1"	Q9UNN5	1	50437028-50960267	"Cancer-related genes, Plasma proteins, Predicted intracellular proteins"	Apoptosis		"Cancer-related genes"
ELAVL4	"HUD, PNEM"	ENSG00000162374	"ELAV like RNA binding protein 4"	P26378	1	50024029-50203772	"Predicted intracellular proteins"	"mRNA processing, mRNA splicing"	RNA-binding	
LELP1		ENSG00000203784	"Late cornified envelope like proline rich 1"	Q5T871	1	153203430-153205120	"Predicted intracellular proteins"			
CBX5	"HP1, HP1-ALPHA, HP1Hs-alpha"	ENSG00000094916	"Chromobox 5"	P45973	12	54230942-54280133	"Predicted intracellular proteins"	"Host-virus interaction"		
CYBB	"CGD, GP91-PHOX, NOX2"	ENSG00000165168	"Cytochrome b-245 beta chain"	P04839	X	37780018-37813461	"Disease related genes, Human disease related genes, Potential drug targets, Predicted membrane proteins, Transporters"	"Electron transport, Ion transport, Transport"	"Ion channel, Oxidoreductase, Voltage-gated channel"	"Chronic granulomatous disease, Disease variant"
MAFB	KRML	ENSG00000204103	"MAF bZIP transcription factor B"	Q9Y5Q3	20	40685848-40689236	"Cancer-related genes, Disease related genes, Human disease related genes, Predicted intracellular proteins, Transcription factors"	"Transcription, Transcription regulation"	"Activator, DNA-binding, Repressor"	"Cancer-related genes, Disease variant, Proto-oncogene, Tumor suppressor"
MTA1		ENSG00000182979	"Metastasis associated 1"	Q13330	14	105419820-105470729	"Cancer-related genes, Disease related genes, Plasma proteins, Predicted intracellular proteins, Transcription factors"	"Biological rhythms, Transcription, Transcription regulation"	"Activator, DNA-binding, Repressor"	"Cancer-related genes"
NPC1	SLC65A1	ENSG00000141458	"NPC intracellular cholesterol transporter 1"	O15118	18	23506184-23586506	"Disease related genes, Human disease related genes, Metabolic proteins, Potential drug targets, Predicted membrane proteins, Transporters"	"Cholesterol metabolism, Host-virus interaction, Lipid metabolism, Lipid transport, Steroid metabolism, Sterol metabolism, Transport"	"Host cell receptor for virus entry, Receptor"	"Disease variant, Niemann-Pick disease"
CSTA	"STF1, STFA"	ENSG00000121552	"Cystatin A"	P01040	3	122325248-122341969	"Cancer-related genes, Disease related genes, Human disease related genes, Plasma proteins, Predicted intracellular proteins"	"Cell adhesion"	"Protease inhibitor, Thiol protease inhibitor"	"Cancer-related genes, Ichthyosis"
SPANXA1	"CT11.1, NAP-X, SPAN-Xa, SPAN-Xb, SPANX"	ENSG00000198021	"Sperm protein associated with the nucleus, X-linked, family member A1"	Q9NS26	X	141583674-141584738	"Predicted intracellular proteins"			
SPANXA2	SPANX	ENSG00000203926	"SPANX family member A2"	Q9NS26	X	141589708-141590762	"Predicted intracellular proteins"			
ANXA1	"ANX1, LPC1"	ENSG00000135046	"Annexin A1"	P04083	9	73151865-73170393	"Cancer-related genes, FDA approved drug targets, Plasma proteins, Predicted intracellular proteins, Predicted secreted proteins, Transporters"	"Adaptive immunity, Immunity, Inflammatory response, Innate immunity"	"Phospholipase A2 inhibitor"	"Cancer-related genes, FDA approved drug targets"
APP	"AD1, alpha-sAPP"	ENSG00000142192	"Amyloid beta precursor protein"	P05067	21	25880535-26171128	"Disease related genes, FDA approved drug targets, Human disease related genes, Plasma proteins, Predicted intracellular proteins, Predicted membrane proteins, Predicted secreted proteins, Transporters"	"Apoptosis, Cell adhesion, Endocytosis, Notch signaling pathway"	"Heparin-binding, Protease inhibitor, Serine protease inhibitor"	"Alzheimer disease, Amyloidosis, Disease variant, FDA approved drug targets, Neurodegeneration"
ATRAID	"APR3, C2orf28, HSPC013, p18"	ENSG00000138085	"All-trans retinoic acid induced differentiation factor"	Q6UW56	2	27212041-27217178	"Predicted intracellular proteins, Predicted membrane proteins"	Differentiation		
BNIP2	"BNIP-2, Nip2"	ENSG00000140299	"BCL2 interacting protein 2"	Q12982	15	59659146-59689339	"Predicted intracellular proteins"	Apoptosis		
IGF2R	"CD222, CI-M6PR, CI-MPR, CIMPR, M6P-R, MPR1, MPR300, MPRI"	ENSG00000197081	"Insulin like growth factor 2 receptor"	P11717	6	159969082-160113507	"Cancer-related genes, CD markers, Human disease related genes, Plasma proteins, Predicted intracellular proteins, Predicted membrane proteins, Transporters"	Transport	Receptor	"Cancer-related genes"
NELL1	"FLJ45906, IDH3GL"	ENSG00000165973	"Neural EGFL like 1"	Q92832	11	20669551-21575686	"Predicted secreted proteins"	Differentiation		
NFE2L3	Nrf3	ENSG00000050344	"NFE2 like bZIP transcription factor 3"	Q9Y4A8	7	26152198-26187137	"Essential proteins, Plasma proteins, Predicted intracellular proteins, Transcription factors"	"Transcription, Transcription regulation"	"Activator, DNA-binding"	
PCYT1A	"CCTalpha, CT, CTPCT, PCYT1"	ENSG00000161217	"Phosphate cytidylyltransferase 1A, choline"	P49585	3	196214222-196287957	"Disease related genes, Enzymes, Essential proteins, Human disease related genes, Metabolic proteins, Potential drug targets, Predicted intracellular proteins"	"Lipid biosynthesis, Lipid metabolism, Phospholipid biosynthesis, Phospholipid metabolism"	"Nucleotidyltransferase, Transferase"	"Cone-rod dystrophy, Congenital generalized lipodystrophy, Diabetes mellitus, Disease variant, Dwarfism"
PLA2G4A	"cPLA2-alpha, PLA2G4"	ENSG00000116711	"Phospholipase A2 group IVA"	P47712	1	186828949-186988981	"Disease related genes, Enzymes, Human disease related genes, Metabolic proteins, Potential drug targets, Predicted intracellular proteins, RAS pathway related proteins"	"Fatty acid biosynthesis, Fatty acid metabolism, Glycerol metabolism, Leukotriene biosynthesis, Lipid biosynthesis, Lipid degradation, Lipid metabolism, Phospholipid degradation, Phospholipid metabolism, Prostaglandin biosynthesis, Prostaglandin metabolism"	Hydrolase	"Disease variant"
PTGER3	"EP3, lnc003875"	ENSG00000050628	"Prostaglandin E receptor 3"	P43115	1	70852353-71047816	"FDA approved drug targets, G-protein coupled receptors, Predicted membrane proteins, Transporters"		"G-protein coupled receptor, Receptor, Transducer"	"FDA approved drug targets"
PTGES	"MGST-IV, MGST1-L1, MGST1L1, PIG12, TP53I12"	ENSG00000148344	"Prostaglandin E synthase"	O14684	9	129738331-129753042	"Enzymes, Metabolic proteins, Predicted membrane proteins"	"Fatty acid biosynthesis, Fatty acid metabolism, Lipid biosynthesis, Lipid metabolism, Prostaglandin biosynthesis, Prostaglandin metabolism"	"Isomerase, Oxidoreductase, Transferase"	
RAB40B	"RAR, SEC4L"	ENSG00000141542	"RAB40B, member RAS oncogene family"	Q12829	17	82654973-82698698	"Predicted intracellular proteins"	"Ubl conjugation pathway"	Hydrolase	
ANXA11	ANX11	ENSG00000122359	"Annexin A11"	P50995	10	80150889-80205572	"Cancer-related genes, Disease related genes, Human disease related genes, Plasma proteins, Potential drug targets, Predicted intracellular proteins, Transporters"	"Cell cycle, Cell division"		"Amyotrophic lateral sclerosis, Cancer-related genes, Disease variant, Neurodegeneration"
BIN1	"AMPH2, AMPHL, SH3P9"	ENSG00000136717	"Bridging integrator 1"	O00499	2	127048027-127107288	"Disease related genes, Human disease related genes, Predicted intracellular proteins"	"Differentiation, Endocytosis, Host-virus interaction"	"Developmental protein"	"Disease variant"
ERCC6L	"FLJ20105, PICH, RAD26L"	ENSG00000186871	"ERCC excision repair 6 like, spindle assembly checkpoint helicase"	Q2NKX8	X	72204657-72239027	"Enzymes, Predicted intracellular proteins"	"Cell cycle, Cell division, Mitosis"	"DNA-binding, Helicase, Hydrolase"	
OGFR	7-60	ENSG00000060491	"Opioid growth factor receptor"	Q9NZT2	20	62804835-62814000	"Predicted intracellular proteins"	"Growth regulation"	Receptor	
RNF43	"DKFZp781H0392, FLJ20315, URCC"	ENSG00000108375	"Ring finger protein 43"	Q68DV7	17	58353676-58417595	"Cancer-related genes, Disease related genes, Enzymes, Potential drug targets, Predicted membrane proteins"	"Ubl conjugation pathway, Wnt signaling pathway"	"Developmental protein, Transferase"	"Cancer-related genes"
RTCB	"C22orf28, FAAP, HSPC117"	ENSG00000100220	"RNA 2',3'-cyclic phosphate and 5'-OH ligase"	Q9Y3I0	22	32387582-32412248	"Enzymes, Essential proteins, Predicted intracellular proteins"	"tRNA processing"	Ligase	
SPRR3		ENSG00000163209	"Small proline rich protein 3"	Q9UBC9	1	153001747-153003856	"Cancer-related genes, Predicted intracellular proteins"	Keratinization		"Cancer-related genes"
TGM3	TGE	ENSG00000125780	"Transglutaminase 3"	Q08188	20	2296001-2341079	"Disease related genes, Enzymes, Human disease related genes, Metabolic proteins, Plasma proteins, Potential drug targets, Predicted intracellular proteins"	Keratinization	"Acyltransferase, Transferase"	
WASHC4	"KIAA1033, SWIP"	ENSG00000136051	"WASH complex subunit 4"	Q2M389	12	105107324-105169130	"Disease related genes, Human disease related genes, Potential drug targets, Predicted intracellular proteins, Transporters"	"Protein transport, Transport"		"Disease variant, Intellectual disability"
CC2D1B	"Freud-2, KIAA1836, Lgd1"	ENSG00000154222	"Coiled-coil and C2 domain containing 1B"	Q5T0F9	1	52345723-52366205	"Predicted intracellular proteins"	"Transcription, Transcription regulation"		
DST	"BP240, BPA, BPAG1, CATX-15, FLJ13425, FLJ21489, FLJ30627, FLJ32235, KIAA0728, MACF2"	ENSG00000151914	Dystonin	Q03001	6	56457987-56954830	"Cancer-related genes, Disease related genes, Human disease related genes, Plasma proteins, Predicted intracellular proteins"	"Cell adhesion"	"Actin-binding, Muscle protein"	"Cancer-related genes, Epidermolysis bullosa, Neurodegeneration, Neuropathy"
EBP	"CDPX2, CHO2, CPX, CPXD"	ENSG00000147155	"EBP cholestenol delta-isomerase"	Q15125	X	48521799-48528716	"Disease related genes, Enzymes, Human disease related genes, Metabolic proteins, Potential drug targets, Predicted membrane proteins"	"Cholesterol biosynthesis, Cholesterol metabolism, Lipid biosynthesis, Lipid metabolism, Steroid biosynthesis, Steroid metabolism, Sterol biosynthesis, Sterol metabolism"	"Hydrolase, Isomerase"	"Cataract, Disease variant, Dwarfism, Ichthyosis"
IST1	"CHMP8, KIAA0174"	ENSG00000182149	"IST1 factor associated with ESCRT-III"	P53990	16	71845996-71931199	"Plasma proteins, Predicted intracellular proteins"	"Cell cycle, Cell division"		
KAZN	"C1orf196, FLJ43806, KAZRIN, KIAA1026"	ENSG00000189337	"Kazrin, periplakin interacting protein"	Q674X7	1	13892792-15118043	"Predicted intracellular proteins"	Keratinization		
GPX4	"MCSP, PHGPx"	ENSG00000167468	"Glutathione peroxidase 4"	P36969	19	1103982-1106791	"Disease related genes, Enzymes, Essential proteins, Human disease related genes, Metabolic proteins, Plasma proteins, Potential drug targets, Predicted intracellular proteins"	"Lipid metabolism"	"Developmental protein, Oxidoreductase, Peroxidase"	Dwarfism
HDAC3	"HD3, KDAC3, RPD3, RPD3-2"	ENSG00000171720	"Histone deacetylase 3"	O15379	5	141620876-141636849	"Enzymes, Essential proteins, FDA approved drug targets, Predicted intracellular proteins"	"Biological rhythms, Host-virus interaction, Transcription, Transcription regulation"	"Chromatin regulator, Hydrolase, Repressor"	"FDA approved drug targets"
PPHLN1		ENSG00000134283	"Periphilin 1"	Q8NEY8	12	42238447-42459715	"Predicted intracellular proteins"	"Keratinization, Transcription, Transcription regulation"	Repressor	
TNMD	"BRICD4, ChM1L, myodulin, TEM, tendin"	ENSG00000000005	Tenomodulin	Q9H2S6	X	100584936-100599885	"Predicted membrane proteins"			
CACYBP	"S100A6BP, SIP"	ENSG00000116161	"Calcyclin binding protein"	Q9HB71	1	174999163-175012027	"Plasma proteins, Predicted intracellular proteins"	"Ubl conjugation pathway"		
MTOR	"FLJ44809, FRAP, FRAP1, FRAP2, RAFT1, RAPT1"	ENSG00000198793	"Mechanistic target of rapamycin kinase"	P42345	1	11106535-11262556	"Cancer-related genes, Disease related genes, Enzymes, Essential proteins, FDA approved drug targets, Human disease related genes, Plasma proteins, Predicted intracellular proteins"		"Kinase, Serine/threonine-protein kinase, Transferase"	"Cancer-related genes, Disease variant, Epilepsy, FDA approved drug targets, Intellectual disability"
NAPEPLD	"C7orf18, FMP30, NAPE-PLD"	ENSG00000161048	"N-acyl phosphatidylethanolamine phospholipase D"	Q6IQ20	7	103099776-103149560	"Enzymes, Predicted intracellular proteins"	"Lipid degradation, Lipid metabolism, Phospholipid degradation, Phospholipid metabolism"	Hydrolase	
SORL1	"C11orf32, gp250, LR11, LRP9, SorLA, SorLA-1"	ENSG00000137642	"Sortilin related receptor 1"	Q92673	11	121452314-121633763	"Disease related genes, Plasma proteins, Potential drug targets, Predicted membrane proteins, Predicted secreted proteins, Transporters"	"Endocytosis, Transport"	Receptor	"Alzheimer disease, Amyloidosis, Disease variant, Neurodegeneration"
TGM1	"ICR2, LI, LI1, TGASE, TGK"	ENSG00000092295	"Transglutaminase 1"	P22735	14	24249114-24264432	"Disease related genes, Enzymes, Human disease related genes, Metabolic proteins, Plasma proteins, Potential drug targets, Predicted intracellular proteins"	Keratinization	"Acyltransferase, Transferase"	"Disease variant, Ichthyosis"
TUBB	"M40, MGC16435, OK/SW-cl.56, Tubb5"	ENSG00000196230	"Tubulin beta class I"	P07437	6	30717435-30725538	"Disease related genes, Essential proteins, FDA approved drug targets, Human disease related genes, Plasma proteins, Predicted intracellular proteins"			"Disease variant, FDA approved drug targets"
ABCF1	"ABC50, EST123147"	ENSG00000204574	"ATP binding cassette subfamily F member 1"	Q8NE71	6	30571393-30597179	"Essential proteins, Plasma proteins, Predicted intracellular proteins, Transporters"		Activator	
AGPAT3	"LPAAT-gamma, LPAAT3, LPLAT3"	ENSG00000160216	"1-acylglycerol-3-phosphate O-acyltransferase 3"	Q9NRZ7	21	43865223-43987592	"Enzymes, Metabolic proteins, Predicted intracellular proteins, Predicted membrane proteins, Transporters"	"Lipid biosynthesis, Lipid metabolism, Phospholipid biosynthesis, Phospholipid metabolism"	"Acyltransferase, Transferase"	
AGPAT5	"FLJ11210, LPAAT-e, LPAAT-epsilon, LPLAT5"	ENSG00000155189	"1-acylglycerol-3-phosphate O-acyltransferase 5"	Q9NUQ2	8	6708642-6761503	"Enzymes, Metabolic proteins, Predicted membrane proteins"	"Lipid biosynthesis, Lipid metabolism, Phospholipid biosynthesis, Phospholipid metabolism"	"Acyltransferase, Transferase"	
ANXA2	"ANX2, ANX2L4, CAL1H, LIP2, LPC2D"	ENSG00000182718	"Annexin A2"	P07355	15	60347134-60402883	"Cancer-related genes, Disease related genes, FDA approved drug targets, Plasma proteins, Predicted intracellular proteins, Predicted secreted proteins, Transporters"	"Host-virus interaction"	RNA-binding	"Cancer-related genes, FDA approved drug targets"
BAX	BCL2L4	ENSG00000087088	"BCL2 associated X, apoptosis regulator"	Q07812	19	48954815-48961798	"Cancer-related genes, Human disease related genes, Predicted intracellular proteins, Transporters"	"Apoptosis, Host-virus interaction"		"Cancer-related genes, Tumor suppressor"
BCHE	"CHE1, CHE2, E1"	ENSG00000114200	Butyrylcholinesterase	P06276	3	165772904-165837462	"Disease related genes, Enzymes, FDA approved drug targets, Human disease related genes, Metabolic proteins, Plasma proteins, Predicted intracellular proteins, Predicted secreted proteins"		"Hydrolase, Serine esterase"	"Disease variant, FDA approved drug targets"
BNIP1	"Nip1, SEC20"	ENSG00000113734	"BCL2 interacting protein 1"	Q12981	5	173144442-173164387	"Essential proteins, Predicted intracellular proteins, Predicted membrane proteins"	"Apoptosis, ER-Golgi transport, Host-virus interaction, Transport"		
CALR3	"CRT2, CT93, FLJ25355, MGC26577"	ENSG00000269058	"Calreticulin 3"	Q96L12	19	16479061-16496167	"Plasma proteins, Predicted intracellular proteins"	"Differentiation, Spermatogenesis"	Chaperone	Cardiomyopathy
CDAN1	"CDA-I, CDAI"	ENSG00000140326	"Codanin 1"	Q8IWY9	15	42723544-42737128	"Disease related genes, Essential proteins, Human disease related genes, Plasma proteins, Predicted intracellular proteins, Predicted membrane proteins"			"Congenital dyserythropoietic anemia, Disease variant, Hereditary hemolytic anemia"
DHRS2	"HEP27, SDR25C1"	ENSG00000100867	"Dehydrogenase/reductase 2"	Q13268	14	23630115-23645639	"Metabolic proteins, Predicted intracellular proteins"		Oxidoreductase	
GABRB1		ENSG00000163288	"Gamma-aminobutyric acid type A receptor subunit beta1"	P18505	4	46993723-47426447	"Disease related genes, FDA approved drug targets, Human disease related genes, Predicted intracellular proteins, Predicted membrane proteins"	"Ion transport, Transport"	"Chloride channel, Ion channel, Ligand-gated ion channel, Receptor"	"Disease variant, Epilepsy, FDA approved drug targets"
GHDC	LGP1	ENSG00000167925	"GH3 domain containing"	Q8N2G8	17	42188799-42194532	"Plasma proteins, Predicted intracellular proteins"			
GNAZ		ENSG00000128266	"G protein subunit alpha z"	P19086	22	23070519-23125032	"Predicted intracellular proteins"		Transducer	
IRAG2	"JAW1, LRMP"	ENSG00000118308	"Inositol 1,4,5-triphosphate receptor associated 2"	Q12912	12	25004342-25108335	"Predicted intracellular proteins, Predicted membrane proteins, Transporters"	"Fertilization, Immunity"		
ITSN1	"ITSN, MGC134948, MGC134949, SH3D1A, SH3P17"	ENSG00000205726	"Intersectin 1"	Q15811	21	33642400-33899861	"Plasma proteins, Predicted intracellular proteins, Predicted membrane proteins"	"Endocytosis, Exocytosis, Host-virus interaction, Protein transport, Transport"		
LMO7	"FBX20, FBXO20, KIAA0858"	ENSG00000136153	"LIM domain 7"	Q8WWI1	13	75620434-75859870	"Plasma proteins, Predicted intracellular proteins, Predicted membrane proteins"			
LRRC59	"FLJ21675, PRO1855"	ENSG00000108829	"Leucine rich repeat containing 59"	Q96AG4	17	50375059-50397523	"Predicted intracellular proteins, Predicted membrane proteins, Transporters"			
MGST2	MGST-II	ENSG00000085871	"Microsomal glutathione S-transferase 2"	Q99735	4	139665768-139740745	"Enzymes, Metabolic proteins, Predicted intracellular proteins, Predicted membrane proteins"	"Leukotriene biosynthesis, Lipid metabolism"	"Lyase, Oxidoreductase, Transferase"	
MGST3	GST-III	ENSG00000143198	"Microsomal glutathione S-transferase 3"	O14880	1	165631213-165661796	"Enzymes, Metabolic proteins, Predicted membrane proteins"	"Lipid metabolism"	"Lyase, Oxidoreductase, Transferase"	
MTMR8	FLJ20126	ENSG00000102043	"Myotubularin related protein 8"	Q96EF0	X	64268081-64395452	"Enzymes, Metabolic proteins, Predicted intracellular proteins"	"Lipid metabolism"	Hydrolase	
NUCB2	NEFA	ENSG00000070081	"Nucleobindin 2"	P80303	11	17208153-17349980	"Cancer-related genes, Plasma proteins, Predicted intracellular proteins, Predicted secreted proteins"		"DNA-binding, Guanine-nucleotide releasing factor"	"Cancer-related genes"
OIT3	"FLJ39116, LZP"	ENSG00000138315	"Oncoprotein induced transcript 3"	Q8WWZ8	10	72893584-72933036	"Plasma proteins, Predicted secreted proteins"			
PLA2G4C	cPLA2-gamma	ENSG00000105499	"Phospholipase A2 group IVC"	Q9UP65	19	48047843-48110817	"Enzymes, Metabolic proteins, Predicted intracellular proteins, RAS pathway related proteins"	"Host-virus interaction, Lipid metabolism, Phospholipid metabolism"	"Hydrolase, Transferase"	
PLAAT1	"A-C1, H-REV107, HRASLS, HRASLS1, PLA/AT1, PLAAT-1"	ENSG00000127252	"Phospholipase A and acyltransferase 1"	Q9HDD0	3	193241128-193277738	"Enzymes, Predicted membrane proteins"	"Lipid degradation, Lipid metabolism"	"Hydrolase, Transferase"	
POLR2M	"Gdown, Gdown1, GRINL1A"	ENSG00000255529	"RNA polymerase II subunit M"	"P0CAP2, Q6EEV4"	15	57706695-57782762	"Essential proteins, Predicted intracellular proteins, RNA polymerase related proteins"	Transcription		
RAC2	EN-7	ENSG00000128340	"Rac family small GTPase 2"	P15153	22	37225270-37259594	"Disease related genes, Human disease related genes, Predicted intracellular proteins, RAS pathway related proteins"		Hydrolase	"Disease variant"
RGS7		ENSG00000182901	"Regulator of G protein signaling 7"	P49802	1	240767636-241357374	"Plasma proteins, Predicted intracellular proteins"		"GTPase activation, Signal transduction inhibitor"	
ROGDI	"FLJ22386, RAV2, ROGD1"	ENSG00000067836	"Rogdi atypical leucine zipper"	Q9GZN7	16	4796968-4802880	"Disease related genes, Human disease related genes, Predicted intracellular proteins"			"Amelogenesis imperfecta, Epilepsy"
SCGB1A1	"CC10, CC16, CCSP, UGB"	ENSG00000149021	"Secretoglobin family 1A member 1"	P11684	11	62405103-62423195	"Cancer-related genes, Plasma proteins, Predicted intracellular proteins, Predicted secreted proteins"		"Phospholipase A2 inhibitor"	"Cancer-related genes"
SLC22A18	"BWR1A, BWSCR1A, IMPT1, ITM, ORCTL2, SLC22A1L, TSSC5"	ENSG00000110628	"Solute carrier family 22 member 18"	Q96BI1	11	2899721-2925246	"Disease related genes, Human disease related genes, Metabolic proteins, Potential drug targets, Predicted membrane proteins, Transporters"			"Disease variant"
TOR2A	"FLJ14771, TORP1"	ENSG00000160404	"Torsin family 2 member A"	"Q5JU69, Q8N2E6"	9	127731524-127735313	"Predicted secreted proteins"		Hormone	
TOR3A	"ADIR, ADIR2, FLJ22345"	ENSG00000186283	"Torsin family 3 member A"	Q9H497	1	179082070-179098023	"Predicted intracellular proteins"			
TYRO3	"Brt, Dtk, Etk-2, Rek, RSE, Sky, Tif"	ENSG00000092445	"TYRO3 protein tyrosine kinase"	Q06418	15	41557675-41583589	"Cancer-related genes, Enzymes, Plasma proteins, Predicted intracellular proteins, Predicted membrane proteins"	"Cell adhesion, Host-virus interaction"	"Host cell receptor for virus entry, Kinase, Receptor, Transferase, Tyrosine-protein kinase"	"Cancer-related genes"
UBXN4	"KIAA0242, UBXD2, UBXDC1"	ENSG00000144224	"UBX domain protein 4"	Q92575	2	135741734-135785056	"Predicted intracellular proteins, Predicted membrane proteins"	"Unfolded protein response"		
VRK2		ENSG00000028116	"VRK serine/threonine kinase 2"	Q86Y07	2	57907629-58159920	"Enzymes, Predicted intracellular proteins, Predicted membrane proteins"	"Host-virus interaction"	"Kinase, Serine/threonine-protein kinase, Transferase"	
CASP14	"MGC119078, MGC119079, MICE"	ENSG00000105141	"Caspase 14"	P31944	19	15049480-15058293	"Disease related genes, Enzymes, Human disease related genes, Plasma proteins, Potential drug targets, Predicted intracellular proteins"	Differentiation	"Hydrolase, Protease, Thiol protease"	Ichthyosis
PKP1	B6P	ENSG00000081277	"Plakophilin 1"	Q13835	1	201283452-201332993	"Disease related genes, Human disease related genes, Plasma proteins, Predicted intracellular proteins"	"Cell adhesion"	"Developmental protein, DNA-binding, RNA-binding"	"Ectodermal dysplasia"
SPRR1A		ENSG00000169474	"Small proline rich protein 1A"	P35321	1	152984081-152985814	"Predicted intracellular proteins"	Keratinization		
EVPLL		ENSG00000214860	"Envoplakin like"	A8MZ36	17	18377778-18389647	"Predicted intracellular proteins"			
NCL	"C23, Nsr1"	ENSG00000115053	Nucleolin	P19338	2	231453531-231483641	"Essential proteins, Plasma proteins, Predicted intracellular proteins"		"DNA-binding, RNA-binding"	
RPTN	FLJ39117	ENSG00000215853	Repetin	Q6XPR3	1	152153595-152159228	"Predicted intracellular proteins, Predicted secreted proteins"			
FLG2	IFPS	ENSG00000143520	"Filaggrin 2"	Q5D862	1	152348735-152360006	"Disease related genes, Human disease related genes, Plasma proteins, Predicted intracellular proteins"			"Disease variant"
SERPINB5	"maspin, PI5"	ENSG00000206075	"Serpin family B member 5"	P36952	18	63476958-63505085	"Plasma proteins, Predicted intracellular proteins"			
STX2	"EPIM, EPM, STX2A, STX2B, STX2C"	ENSG00000111450	"Syntaxin 2"	P32856	12	130789600-130839254	"Cancer-related genes, Predicted intracellular proteins, Predicted membrane proteins"			"Cancer-related genes"
DSG3	CDHF6	ENSG00000134757	"Desmoglein 3"	P32926	18	31447741-31478702	"Disease related genes, Plasma proteins, Predicted membrane proteins"	"Cell adhesion"		
KLK7	"PRSS6, SCCE"	ENSG00000169035	"Kallikrein related peptidase 7"	P49862	19	50976468-50984099	"Cancer-related genes, Enzymes, Predicted intracellular proteins, Predicted secreted proteins"		"Hydrolase, Protease, Serine protease"	"Cancer-related genes"
KRT77	KRT1B	ENSG00000189182	"Keratin 77"	Q7Z794	12	52689626-52703524	"Plasma proteins, Predicted intracellular proteins"			
FLVCR2	"C14orf58, CCT, FLJ20371, MFSD7C, SLC49A2"	ENSG00000119686	"FLVCR heme transporter 2"	Q9UPI3	14	75578620-75663214	"Disease related genes, Human disease related genes, Potential drug targets, Predicted intracellular proteins, Predicted membrane proteins, Transporters"	Transport		"Disease variant"
FURIN	"FUR, PACE, PCSK3, SPC1"	ENSG00000140564	"Furin, paired basic amino acid cleaving enzyme"	P09958	15	90868588-90883564	"Enzymes, Plasma proteins, Predicted membrane proteins"	"Host-virus interaction"	"Heparin-binding, Hydrolase, Protease, Serine protease"	
KLK6	"Bssp, Klk7, neurosin, PRSS18, PRSS9"	ENSG00000167755	"Kallikrein related peptidase 6"	Q92876	19	50958631-50969673	"Cancer-related genes, Enzymes, Plasma proteins, Predicted intracellular proteins, Predicted secreted proteins"		"Hydrolase, Protease, Serine protease"	"Cancer-related genes"
SERPINB2	"HsT1201, PAI-2, PAI2, PLANH2"	ENSG00000197632	"Serpin family B member 2"	P05120	18	63871692-63903888	"Cancer-related genes, FDA approved drug targets, Plasma proteins, Predicted intracellular proteins"	"Plasminogen activation"	"Protease inhibitor, Serine protease inhibitor"	"Cancer-related genes, FDA approved drug targets"
DSG4	"CDHF13, LAH"	ENSG00000175065	"Desmoglein 4"	Q86SJ6	18	31376777-31414912	"Disease related genes, Human disease related genes, Predicted membrane proteins"	"Cell adhesion"		"Disease variant, Hypotrichosis"
DSP	"DPI, DPII, KPPS2, PPKS2"	ENSG00000096696	Desmoplakin	P15924	6	7541617-7586714	"Disease related genes, Human disease related genes, Plasma proteins, Potential drug targets, Predicted intracellular proteins, Transporters"			"Cardiomyopathy, Disease variant, Epidermolysis bullosa, Palmoplantar keratoderma"
HADHB	MTPB	ENSG00000138029	"Hydroxyacyl-CoA dehydrogenase trifunctional multienzyme complex subunit beta"	P55084	2	26243170-26290465	"Disease related genes, Enzymes, Human disease related genes, Metabolic proteins, Potential drug targets, Predicted intracellular proteins"	"Fatty acid metabolism, Lipid metabolism"	"Acyltransferase, Transferase"	"Disease variant"
PKP2		ENSG00000057294	"Plakophilin 2"	Q99959	12	32790745-32896777	"Disease related genes, Human disease related genes, Plasma proteins, Predicted intracellular proteins"	"Cell adhesion"		"Cardiomyopathy, Disease variant"
VPS28		ENSG00000160948	"VPS28 subunit of ESCRT-I"	Q9UK41	8	144423601-144428563	"Essential proteins, Predicted intracellular proteins"	"Protein transport, Transport"		
